quote,author
Two things are infinite: the universe and human stupidity; and I'm not sure about the universe.,Albert Einstein
In three words I can sum up everything I've learned about life: it goes on.,Robert Frost
"If you want to know what a man's like, take a good look at how he treats his inferiors, not his equals.",J.K. Rowling
"If you tell the truth, you don't have to remember anything.",Mark Twain
Always forgive your enemies; nothing annoys them so much.,Oscar Wilde
"To live is the rarest thing in the world. Most people exist, that is all.",Oscar Wilde
We accept the love we think we deserve.,Stephen Chbosky
I am so clever that sometimes I don't understand a single word of what I am saying.,Oscar Wilde
To be yourself in a world that is constantly trying to make you something else is the greatest accomplishment.,Ralph Waldo Emerson
It is better to be hated for what you are than to be loved for what you are not.,Andre Gide
There are only two ways to live your life. One is as though nothing is a miracle. The other is as though everything is a miracle.,Albert Einstein
"We are all in the gutter, but some of us are looking at the stars.",Oscar Wilde
"Fairy tales are more than true: not because they tell us that dragons exist, but because they tell us that dragons can be beaten.",Neil Gaiman
"The fool doth think he is wise, but the wise man knows himself to be a fool.",William Shakespeare
"Whenever you find yourself on the side of the majority, it is time to reform (or pause and reflect).",Mark Twain
Life is what happens to us while we are making other plans.,Allen Saunders
"I have not failed. I've just found 10,000 ways that won't work.",Thomas A. Edison
"The opposite of love is not hate, it's indifference. The opposite of art is not ugliness, it's indifference. The opposite of faith is not heresy, it's indifference. And the opposite of life is not death, it's indifference.",Elie Wiesel
The man who does not read has no advantage over the man who cannot read.,Mark Twain
"I may not have gone where I intended to go, but I think I have ended up where I needed to be.",douglas adams
"Outside of a dog, a book is man's best friend. Inside of a dog it's too dark to read.",Groucho Marx
I am enough of an artist to draw freely upon my imagination. Imagination is more important than knowledge. Knowledge is limited. Imagination encircles the world.,Albert Einstein
"A reader lives a thousand lives before he dies, said Jojen. The man who never reads lives only one.",George R.R. Martin
Never put off till tomorrow what may be done day after tomorrow just as well.,Mark Twain
I love deadlines. I love the whooshing noise they make as they go by.,Douglas Adams
"If you can't explain it to a six year old, you don't understand it yourself.",Albert Einstein
"I'm not upset that you lied to me, I'm upset that from now on I can't believe you.",Friedrich Nietzsche
There is no greater agony than bearing an untold story inside you.,Maya Angelou
"If you only read the books that everyone else is reading, you can only think what everyone else is thinking.",Haruki Murakami
I have always imagined that Paradise will be a kind of library.,Jorge Luis Borges
Everything you can imagine is real.,Pablo Picasso
Sometimes the questions are complicated and the answers are simple.,Dr. Seuss
Never trust anyone who has not brought a book with them.,Lemony Snicket
We read to know we're not alone.,William Nicholson
"Of course it is happening inside your head, Harry, but why on earth should that mean that it is not real?",J.K. Rowling
Life isn't about finding yourself. Life is about creating yourself.,George Bernard Shaw
Logic will get you from A to Z; imagination will get you everywhere.,Albert Einstein
Sometimes people are beautiful.Not in looks.Not in what they say.Just in what they are.,Markus Zusak
"Do what you can, with what you have, where you are.",Theodore Roosevelt
The story so far:In the beginning the Universe was created.This has made a lot of people very angry and been widely regarded as a bad move.,Douglas Adams
"So, this is my life. And I want you to know that I am both happy and sad and I'm still trying to figure out how that could be.",Stephen Chbosky
Some people never go crazy. What truly horrible lives they must lead.,Charles Bukowski
"Love never dies a natural death. It dies because we don't know how to replenish its source. It dies of blindness and errors and betrayals. It dies of illness and wounds; it dies of weariness, of witherings, of tarnishings.",Anais Nin
"What really knocks me out is a book that, when you're all done reading it, you wish the author that wrote it was a terrific friend of yours and you could call him up on the phone whenever you felt like it. That doesn't happen much, though.",J.D. Salinger
Some infinities are bigger than other infinities.,John Green
It is what you read when you don't have to that determines what you will be when you can't help it.,Oscar Wilde
"The trouble with having an open mind, of course, is that people will insist on coming along and trying to put things in it.",Terry Pratchett
Not all those who wander are lost.,J.R.R. Tolkien
Time you enjoy wasting is not wasted time.,Marthe Troly-Curtin
Reality continues to ruin my life.,Bill Watterson
"If there's a book that you want to read, but it hasn't been written yet, then you must write it.",Toni Morrison
The only way out of the labyrinth of suffering is to forgive.,John Green
"I wish it need not have happened in my time,"" said Frodo.""So do I,"" said Gandalf, ""and so do all who live to see such times. But that is not for them to decide. All we have to decide is what to do with the time that is given us.",J.R.R. Tolkien
There is nothing to writing. All you do is sit down at a typewriter and bleed.,Ernest Hemingway
â€²Classicâ€² - a book which people praise and don't read.,Mark Twain
Finish each day and be done with it. You have done what you could. Some blunders and absurdities no doubt crept in; forget them as soon as you can. Tomorrow is a new day. You shall begin it serenely and with too high a spirit to be encumbered with your old nonsense.,Ralph Waldo Emerson
I have never let my schooling interfere with my education.,Mark Twain
The books that the world calls immoral are books that show the world its own shame.,Oscar Wilde
The marks humans leave are too often scars.,John Green
You never really understand a person until you consider things from his point of view... Until you climb inside of his skin and walk around in it.,Harper Lee
To die will be an awfully big adventure.,J.M. Barrie
Some day you will be old enough to start reading fairy tales again.,C.S. Lewis
"We are what we pretend to be, so we must be careful about what we pretend to be.",Kurt Vonnegut
"Itâ€™s no use going back to yesterday, because I was a different person then.",Lewis Carroll
But better to get hurt by the truth than comforted with a lie.,Khaled Hosseini
The truth is rarely pure and never simple.,Oscar Wilde
"... a mind needs books as a sword needs a whetstone, if it is to keep its edge.",George R.R. Martin
The fear of death follows from the fear of life. A man who lives fully is prepared to die at any time.,Mark Twain
Memories warm you up from the inside. But they also tear you apart.,Haruki Murakami
A lie can travel half way around the world while the truth is putting on its shoes.,Mark Twain
"It's so hard to forget pain, but it's even harder to remember sweetness. We have no scar to show for happiness. We learn so little from peace.",Chuck Palahniuk
Happiness in intelligent people is the rarest thing I know.,Ernest Hemingway
The only true wisdom is in knowing you know nothing.,Socrates
Perhaps one did not want to be loved so much as to be understood.,George Orwell
"Yes: I am a dreamer. For a dreamer is one who can only find his way by moonlight, and his punishment is that he sees the dawn before the rest of the world.",Oscar Wilde
"I became insane, with long intervals of horrible sanity.",Edgar Allan Poe
Numbing the pain for a while will make it worse when you finally feel it.,J.K. Rowling
"The one you love and the one who loves you are never, ever the same person.",Chuck Palahniuk
An eye for an eye will only make the whole world blind.,Mahatma Gandhi
"Until I feared I would lose it, I never loved to read. One does not love breathing.",Harper Lee
The saddest aspect of life right now is that science gathers knowledge faster than society gathers wisdom.,Isaac Asimov
"I speak to everyone in the same way, whether he is the garbage man or the president of the university.",Albert Einstein
"The truth will set you free, but first it will piss you off.",Joe Klaas
How wonderful it is that nobody need wait a single moment before starting to improve the world.,Anne Frank
"Fate is like a strange, unpopular restaurant filled with odd little waiters who bring you things you never asked for and don't always like.",Lemony Snicket
You will never be happy if you continue to search for what happiness consists of. You will never live if you are looking for the meaning of life.,Albert Camus
"Keep away from people who try to belittle your ambitions. Small people always do that, but the really great make you feel that you, too, can become great.",Mark Twain
"Everyone thinks of changing the world, but no one thinks of changing himself.",Leo Tolstoy
"And above all, watch with glittering eyes the whole world around you because the greatest secrets are always hidden in the most unlikely places. Those who don't believe in magic will never find it.",Roald Dahl
"Lock up your libraries if you like; but there is no gate, no lock, no bolt that you can set upon the freedom of my mind.",Virginia Woolf
"When I despair, I remember that all through history the way of truth and love have always won. There have been tyrants and murderers, and for a time, they can seem invincible, but in the end, they always fall. Think of it--always.",Mahatma Gandhi
Every man has his secret sorrows which the world knows not; and often times we call a man cold when he is only sad.,Henry Wadsworth Longfellow
You don't have to burn books to destroy a culture. Just get people to stop reading them.,Ray Bradbury
"Perhaps all the dragons in our lives are princesses who are only waiting to see us act, just once, with beauty and courage. Perhaps everything that frightens us is, in its deepest essence, something helpless that wants our love.",Rainer Maria Rilke
I would die for you. But I won't live for you.,Stephen Chbosky
"I can't give you a sure-fire formula for success, but I can give you a formula for failure: try to please everybody all the time.",Herbert Bayard Swope
Sometimes I can hear my bones straining under the weight of all the lives I'm not living.,Jonathan Safran Foer
Never love anyone who treats you like you're ordinary.,Oscar Wilde
"Sometimes you wake up. Sometimes the fall kills you. And sometimes, when you fall, you fly.",Neil Gaiman
"Never doubt that a small group of thoughtful, committed, citizens can change the world. Indeed, it is the only thing that ever has.",Margaret Mead
"Most people are other people. Their thoughts are someone else's opinions, their lives a mimicry, their passions a quotation.",Oscar Wilde
"Hold fast to dreams,For if dreams dieLife is a broken-winged bird,That cannot fly.",Langston Hughes
Never memorize something that you can look up.,Albert Einstein
All we have to decide is what to do with the time that is given us.,J.R.R. Tolkien
"Do not read, as children do, to amuse yourself, or like the ambitious, for the purpose of instruction. No, read in order to live.",Gustave Flaubert
"Imagining the future is a kind of nostalgia. (...) You spend your whole life stuck in the labyrinth, thinking about how you'll escape it one day, and how awesome it will be, and imagining that future keeps you going, but you never do it. You just use the future to escape the present.",John Green
You talk when you cease to be at peace with your thoughts.,Kahlil Gibran
"So, I guess we are who we are for alot of reasons. And maybe we'll never know most of them. But even if we don't have the power to choose where we come from, we can still choose where we go from there. We can still do things. And we can try to feel okay about them.",Stephen Chbosky
"You're going to come across people in your life who will say all the right words at all the right times. But in the end, it's always their actions you should judge them by. It's actions, not words, that matter.",Nicholas Sparks
"In the depth of winter, I finally learned that within me there lay an invincible summer.",Albert Camus
"In a good bookroom you feel in some mysterious way that you are absorbing the wisdom contained in all the books through your skin, without even opening them.",Mark Twain
"Friendship is unnecessary, like philosophy, like art.... It has no survival value; rather it is one of those things which give value to survival.",C.S. Lewis
Facts do not cease to exist because they are ignored.,Aldous Huxley
"Those who believe in telekinetics, raise my hand.",Kurt Vonnegut
"Some humans would do anything to see if it was possible to do it. If you put a large switch in some cave somewhere, with a sign on it saying 'End-of-the-World Switch. PLEASE DO NOT TOUCH', the paint wouldn't even have time to dry.",Terry Pratchett
"If more of us valued food and cheer and song above hoarded gold, it would be a merrier world.",J.R.R. Tolkien
A good friend will always stab you in the front.,Oscar Wilde
When you are courting a nice girl an hour seems like a second. When you sit on a red-hot cinder a second seems like an hour. That's relativity.,Albert Einstein
There's a fine line between genius and insanity. I have erased this line.,Oscar Levant
"Be kind, for everyone you meet is fighting a harder battle.",Plato
May you live every day of your life.,Jonathan Swift
"Two wrongs don't make a right, but they make a good excuse.",Thomas Szasz
Wicked people never have time for reading. It's one of the reasons for their wickedness.,Lemony Snicket
And those who were seen dancing were thought to be insane by those who could not hear the music.,Friedrich Nietzsche
You will always be fond of me. I represent to you all the sins you never had the courage to commit.,Oscar Wilde
Man is the only creature who refuses to be what he is.,Albert Camus
Substitute 'damn' every time you're inclined to write 'very;' your editor will delete it and the writing will be just as it should be.,Mark Twain
"We write to taste life twice, in the moment and in retrospect.",Anais Nin
I don't want to go to heaven. None of my friends are there.,Oscar Wilde
"I have hated words and I have loved them, and I hope I have made them right.",Markus Zusak
A clever person solves a problem. A wise person avoids it.,Albert Einstein
"Nobody has ever measured, not even poets, how much the heart can hold.",Zelda Fitzgerald
"We all die. The goal isn't to live forever, the goal is to create something that will.",Chuck Palahniuk
"The meeting of two personalities is like the contact of two chemical substances: if there is any reaction, both are transformed.",Carl Gustav Jung
It's only after we've lost everything that we're free to do anything.,Chuck Palahniuk
When someone shows you who they are believe them the first time.,Maya Angelou
"If the world were merely seductive, that would be easy. If it were merely challenging, that would be no problem. But I arise in the morning torn between a desire to improve the world and a desire to enjoy the world. This makes it hard to plan the day.",E.B. White
Chance is perhaps the pseudonym of God when he does not want to sign.,ThÃ©ophile Gautier
"Your task is not to seek for love, but merely to seek and find all the barriers within yourself that you have built against it.",Rumi
It is sometimes an appropriate response to reality to go insane.,Philip K. Dick
"And now here is my secret, a very simple secret: It is only with the heart that one can see rightly; what is essential is invisible to the eye.",Antoine de Saint-ExupÃ©ry
"The fault, dear Brutus, is not in our stars, but in ourselves.",William Shakespeare
Out beyond ideas of wrongdoing and rightdoing there is a field.I'll meet you there.When the soul lies down in that grassthe world is too full to talk about.,Rumi
"We have to dare to be ourselves, however frightening or strange that self may prove to be.",May Sarton
"This is a good sign, having a broken heart. It means we have tried for something.",Elizabeth Gilbert
"Eleanor was right. She never looked nice. She looked like art, and art wasn't supposed to look nice; it was supposed to make you feel something.",Rainbow Rowell
Isn't it nice to think that tomorrow is a new day with no mistakes in it yet?,L.M. Montgomery
Anyone who lives within their means suffers from a lack of imagination.,Oscar Wilde
"I do not want people to be very agreeable, as it saves me the trouble of liking them a great deal.",Jane Austen
"Let us read, and let us dance; these two amusements will never do any harm to the world.",Voltaire
"Some books should be tasted, some devoured, but only a few should be chewed and digested thoroughly.",Sir Francis Bacon
"Tell me, what is it you plan to do with your one wild and precious life?",Mary Oliver
It is the mark of an educated mind to be able to entertain a thought without accepting it.,Aristotle
"When I have a little money, I buy books; and if I have any left, I buy food and clothes.",Desiderius Erasmus Roterodamus
"Every saint has a past, and every sinner has a future.",Oscar Wilde
Any fool can know. The point is to understand.,Albert Einstein
"Reality is merely an illusion, albeit a very persistent one.",Albert Einstein
Those who dream by day are cognizant of many things which escape those who dream only by night.,Edgar Allan Poe
"I took a deep breath and listened to the old brag of my heart. I am, I am, I am.",Sylvia Plath
The world is a book and those who do not travel read only one page.,St. Augustine
Donâ€™t go around saying the world owes you a living. The world owes you nothing. It was here first.,Mark Twain
"If we knew what it was we were doing, it would not be called research, would it?",Albert Einstein
"One day I will find the right words, and they will be simple.",Jack Kerouac
Life can only be understood backwards; but it must be lived forwards.,SÃ¸ren Kierkegaard
Pain is inevitable. Suffering is optional.,haruki murakami
"If a cluttered desk is a sign of a cluttered mind, of what, then, is an empty desk a sign?",Laurence J. Peter
I am not young enough to know everything.,Oscar Wilde
I have no special talents. I am only passionately curious.,Albert Einstein
I have decided to stick to love...Hate is too great a burden to bear.,Martin Luther King Jr.
Always do what you are afraid to do.,Ralph Waldo Emerson
"A life spent making mistakes is not only more honorable, but more useful than a life spent doing nothing.",George Bernard Shaw
"Monsters are real, and ghosts are real too. They live inside us, and sometimes, they win.",Stephen King
In a time of deceit telling the truth is a revolutionary act.,George Orwell
Our lives begin to end the day we become silent about things that matter.,Martin Luther King Jr.
"The mind is its own place, and in itself can make a heaven of hell, a hell of heaven..",John Milton
"We delight in the beauty of the butterfly, but rarely admit the changes it has gone through to achieve that beauty.",Maya Angelou
Talent hits a target no one else can hit. Genius hits a target no one else can see.,Arthur Schopenhauer
"There are two motives for reading a book; one, that you enjoy it; the other, that you can boast about it.",Bertrand Russell
Experience is merely the name men gave to their mistakes.,Oscar Wilde
"In the end, we will remember not the words of our enemies, but the silence of our friends.",Martin Luther King Jr.
And the day came when the risk to remain tight in a bud was more painful than the risk it took to blossom.,Anais Nin
"There is a theory which states that if ever anyone discovers exactly what the Universe is for and why it is here, it will instantly disappear and be replaced by something even more bizarre and inexplicable. There is another theory which states that this has already happened.",Douglas Adams
A thing is not necessarily true because a man dies for it.,Oscar Wilde
"Somewhere, something incredible is waiting to be known.",Carl Sagan
It is so hard to leaveâ€”until you leave. And then it is the easiest goddamned thing in the world.,John Green
"You have enemies? Good. That means you've stood up for something, sometime in your life.",Winston Churchill
"Once you learn to read, you will be forever free.",Frederick Douglass
"You think your pain and your heartbreak are unprecedented in the history of the world, but then you read. It was books that taught me that the things that tormented me most were the very things that connected me with all the people who were alive, who had ever been alive.",James Baldwin
"The loneliest moment in someoneâ€™s life is when they are watching their whole world fall apart, and all they can do is stare blankly.",F. Scott Fitzgerald
"It is hard enough to remember my opinions, without also remembering my reasons for them!",Friedrich Nietzsche
"There is nothing either good or bad, but thinking makes it so.",William Shakespear
Fantasy is hardly an escape from reality. It's a way of understanding it.,Lloyd Alexander
"The world is indeed full of peril, and in it there are many dark places; but still there is much that is fair, and though in all lands love is now mingled with grief, it grows perhaps the greater.",J.R.R. Tolkien
I want to stand as close to the edge as I can without going over. Out on the edge you see all kinds of things you can't see from the center.,Kurt Vonnegut
"The best index to a person's character is how he treats people who can't do him any good, and how he treats people who can't fight back.",Abigail Van Buren
All happy families are alike; each unhappy family is unhappy in its own way.,Leo Tolstoy
Think before you speak. Read before you think.,Fran Lebowitz
"And by the way, everything in life is writable about if you have the outgoing guts to do it, and the imagination to improvise. The worst enemy to creativity is self-doubt.",Sylvia Plath
"If at first you don't succeed, try, try again. Then quit. No use being a damn fool about it.",W.C. Fields
I have loved the stars too fondly to be fearful of the night.,Sarah   Williams
Hell is empty and all the devils are here.,William Shakespeare
Waiting is painful. Forgetting is painful. But not knowing which to do is the worst kind of suffering.,Paulo Coelho
The wound is the place where the Light enters you.,Rumi
"Courage is the most important of all the virtues because without courage, you can't practice any other virtue consistently.",Maya Angelou
The most courageous act is still to think for yourself. Aloud.,Coco Chanel
Never let your sense of morals prevent you from doing what is right.,Isaac Asimov
"People aren't either wicked or noble. They're like chef's salads, with good things and bad things chopped and mixed together in a vinaigrette of confusion and conflict.",Lemony Snicket
"Whoever fights monsters should see to it that in the process he does not become a monster. And if you gaze long enough into an abyss, the abyss will gaze back into you.",Friedrich Nietzsche
"Love is so short, forgetting is so long.",Pablo Neruda
Books are mirrors: you only see in them what you already have inside you.,Carlos Ruiz ZafÃ³n
"Bran thought about it. 'Can a man still be brave if he's afraid?''That is the only time a man can be brave,' his father told him.",George R.R. Martin
You never have to change anything you got up in the middle of the night to write.,Saul Bellow
Good books don't give up all their secrets at once.,Stephen King
The unexamined life is not worth living.,Socrates
"My experience of life is that it is not divided up into genres; itâ€™s a horrifying, romantic, tragic, comical, science-fiction cowboy detective novel. You know, with a bit of pornography if you're lucky.",Alan Moore
It is not in the stars to hold our destiny but in ourselves.,William Shakespeare
Everything in the world is about sex except sex. Sex is about power.,Oscar Wilde
Either write something worth reading or do something worth writing.,Benjamin Franklin
"If you remember me, then I don't care if everyone else forgets.",Haruki Murakami
Try not to become a man of success. Rather become a man of value.,Albert Einstein
There is always some madness in love. But there is also always some reason in madness.,Friedrich Nietzsche
"Man is least himself when he talks in his own person. Give him a mask, and he will tell you the truth.",Oscar Wilde
"I was gratified to be able to answer promptly, and I did. I said I didnâ€™t know.",Mark Twain
"No tears in the writer, no tears in the reader. No surprise in the writer, no surprise in the reader.",Robert Frost
Nobody realizes that some people expend tremendous energy merely to be normal.,Albert Camus
"Without pain, how could we know joy?' This is an old argument in the field of thinking about suffering and its stupidity and lack of sophistication could be plumbed for centuries but suffice it to say that the existence of broccoli does not, in any way, affect the taste of chocolate.",John Green
Two possibilities exist: either we are alone in the Universe or we are not. Both are equally terrifying.,Arthur C. Clarke
"Men occasionally stumble over the truth, but most of them pick themselves up and hurry off as if nothing had happened.",Winston S. Churchill
You cannot protect yourself from sadness without protecting yourself from happiness.,Jonathan Safran Foer
"Fantasy is a necessary ingredient in living, it's a way of looking at life through the wrong end of a telescope.",Dr. Seuss
"All animals are equal, but some animals are more equal than others.",George Orwell
War is peace. Freedom is slavery. Ignorance is strength.,George Orwell
There are worse crimes than burning books. One of them is not reading them.,Joseph Brodsky
Whatever it is you're seeking won't come in the form you're expecting.,Haruki Marukami
What matters in life is not what happens to you but what you remember and how you remember it.,Gabriel Garcia Marquez
"It is said that your life flashes before your eyes just before you die. That is true, it's called Life.",Terry Pratchett
"I am very interested and fascinated how everyone loves each other, but no one really likes each other.",Stephen Chbosky
"Everyone should be able to do one card trick, tell two jokes, and recite three poems, in case they are ever trapped in an elevator.",Lemony Snicket
Remember: the time you feel lonely is the time you most need to be by yourself. Life's cruelest irony.,Douglas Coupland
You must stay drunk on writing so reality cannot destroy you.,Ray Bradbury
"Painting is poetry that is seen rather than felt, and poetry is painting that is felt rather than seen.",Leonardo da Vinci
I have great faith in fools - self-confidence my friends will call it.,Edgar Allan Poe
You must have chaos within you to give birth to a dancing star.,Friedrich Nietzsche
To be nobody but yourself in a world which is doing its best day and night to make you like everybody else means to fight the hardest battle which any human being can fight and never stop fighting.,E.E. Cummings
"That is part of the beauty of all literature. You discover that your longings are universal longings, that you're not lonely and isolated from anyone. You belong.",F. Scott Fitzgerald
"You have your way. I have my way. As for the right way, the correct way, and the only way, it does not exist.",Friedrich Wilhelm Nietzsche
"What happens when people open their hearts?""""They get better.",Haruki Murakami
Being crazy isn't enough.,Dr. Seuss
"One day, in retrospect, the years of struggle will strike you as the most beautiful.",Sigmund Freud
"If you have a garden and a library, you have everything you need.",Cicero
"Life is pain, highness. Anyone who says differently is selling something.",William Goldman
"Should I kill myself, or have a cup of coffee?",Albert Camus
"Love doesn't just sit there, like a stone, it has to be made, like bread; remade all the time, made new.",Ursula K. Le Guin
I lie to myself all the time. But I never believe me.,S.E. Hinton
"But who prays for Satan? Who, in eighteen centuries, has had the common humanity to pray for the one sinner that needed it most?",Mark Twain
Time flies like an arrow; fruit flies like a banana.,Anthony G. Oettinger
Nothing of me is original. I am the combined effort of everyone I've ever known.,Chuck Palahniuk
The difference between the almost right word and the right word is really a large matter. â€™tis the difference between the lightning bug and the lightning.,Mark Twain
"I think God, in creating man, somewhat overestimated his ability.",Oscar Wilde
Stories of imagination tend to upset those without one.,Terry Pratchett
"I don't trust people who don't love themselves and tell me, 'I love you.' ... There is an African saying which is: Be careful when a naked person offers you a shirt.",Maya Angelou
Every child is an artist. The problem is how to remain an artist once he grows up.,Pablo Picasso
"There are three things all wise men fear: the sea in storm, a night with no moon, and the anger of a gentle man.",Patrick Rothfuss
"Why do you go away? So that you can come back. So that you can see the place you came from with new eyes and extra colors. And the people there see you differently, too. Coming back to where you started is not the same as never leaving.",Terry Pratchett
"Resist much, obey little.",Walt Whitman
"Loyalty to country ALWAYS. Loyalty to government, when it deserves it.",Mark Twain
"I like living. I have sometimes been wildly, despairingly, acutely miserable, racked with sorrow; but through it all I still know quite certainly that just to be alive is a grand thing.",Agatha Christie
My tastes are simple: I am easily satisfied with the best.,Winston S. Churchill
"Truth is stranger than fiction, but it is because Fiction is obliged to stick to possibilities; Truth isn't.",Mark Twain
"Show me a hero, and I'll write you a tragedy.",F. Scott Fitzgerald
"I do not fear death. I had been dead for billions and billions of years before I was born, and had not suffered the slightest inconvenience from it.",Mark Twain
"By three methods we may learn wisdom: First, by reflection, which is noblest; Second, by imitation, which is easiest; and third by experience, which is the bitterest.",Confucious
"In the case of good books, the point is not to see how many of them you can get through, but rather how many can get through to you.",Mortimer J. Adler
No medicine cures what happiness cannot.,Gabriel GarcÃ­a MÃ¡rquez
Fiction is the truth inside the lie.,Stephen King
"The fact that we live at the bottom of a deep gravity well, on the surface of a gas covered planet going around a nuclear fireball 90 million miles away and think this to be normal is obviously some indication of how skewed our perspective tends to be.",Douglas Adams
Don't tell me the moon is shining; show me the glint of light on broken glass.,Anton Chekhov
"Love is a fire. But whether it is going to warm your hearth or burn down your house, you can never tell.",Joan Crawford
"Why do people have to be this lonely? What's the point of it all? Millions of people in this world, all of them yearning, looking to others to satisfy them, yet isolating themselves. Why? Was the earth put here just to nourish human loneliness?",Haruki Murakami
You do not write your life with words...You write it with actions. What you think is not important. It is only important what you do.,Patrick Ness
Freedom is not worth having if it does not include the freedom to make mistakes.,Mahatma Gandhi
Life's under no obligation to give us what we expect.,Margaret Mitchell
"Happiness is having a large, loving, caring, close-knit family in another city.",George Burns
Nobody can hurt me without my permission.,Mahatma Gandhi
Don't judge each day by the harvest you reap but by the seeds that you plant.,Robert Louis Stevenson
"But I know, somehow, that only when it is dark enough can you see the stars.","Martin Luther King, Jr."
I was never really insane except upon occasions when my heart was touched.,Edgar Allan Poe
What you seek is seeking you.,Mawlana Jalal-al-Din Rumi
It's not denial. I'm just selective about the reality I accept.,Bill Watterson
You probably wouldnâ€™t worry about what people think of you if you could know how seldom they do.,Olin Miller
"Yesterday I was clever, so I wanted to change the world. Today I am wise, so I am changing myself.",Rumi
"Words are, of course, the most powerful drug used by mankind.",Rudyard Kipling
The truth does not change according to our ability to stomach it.,Flannery O'Connor
"If you look for perfection, you'll never be content.",Leo Tolstoy
None but ourselves can free our minds.,Bob Marley
"I did then what I knew how to do. Now that I know better, I do better.",Maya Angelou
Unbeing dead isn't being alive.,E. E. Cummings
Music was my refuge. I could crawl into the space between the notes and curl my back to loneliness.,Maya Angelou
War is what happens when language fails.,Margaret Atwood
To go wrong in one's own way is better than to go right in someone else's.,Fyodor Dostoevsky
The world as we have created it is a process of our thinking. It cannot be changed without changing our thinking.,Albert Einstein
All grown-ups were once children... but only few of them remember it.,Antoine de Saint-ExupÃ©ry
God has no religion.,Mahatma Gandhi
I don't want to repeat my innocence. I want the pleasure of losing it again.,F. Scott Fitzgerald
"Love does not begin and end the way we seem to think it does. Love is a battle, love is a war; love is a growing up.",James A. Baldwin
It is amazing how complete is the delusion that beauty is goodness.,Leo Tolstoy
"Each friend represents a world in us, a world possibly not born until they arrive, and it is only by this meeting that a new world is born.",Anais Nin
"Without deviation from the norm, progress is not possible.",Frank Zappa
"Sometimes our light goes out, but is blown again into instant flame by an encounter with another human being.",Albert Schweitzer
Life has no meaning. Each of us has meaning and we bring it to life. It is a waste to be asking the question when you are the answer.,Joseph Campbell
It is better to fail in originality than to succeed in imitation.,Herman Melville
"I cannot remember the books I've read any more than the meals I have eaten; even so, they have made me.",Ralph Waldo Emerson
It's like everyone tells a story about themselves inside their own head. Always. All the time. That story makes you what you are. We build ourselves out of that story.,Patrick Rothfuss
Words can be like X-rays if you use them properly -- theyâ€™ll go through anything. You read and youâ€™re pierced.,Aldous Huxley
It always shocked me when I realized that I wasnâ€™t the only person in the world who thought and felt such strange and awful things.,John Green
We are not necessarily doubting that God will do the best for us; we are wondering how painful the best will turn out to be.,C.S. Lewis
"People think dreams aren't real just because they aren't made of matter, of particles. Dreams are real. But they are made of viewpoints, of images, of memories and puns and lost hopes.",Neil Gaiman
"Rather than love, than money, than fame, give me truth.",Henry David Thoreau
"No person is your friend who demands your silence, or denies your right to grow.",Alice Walker
Art is the lie that enables us to realize the truth.,Pablo Picasso
"Do not fear to be eccentric in opinion, for every opinion now accepted was once eccentric.",Bertrand Russell
"You may not control all the events that happen to you, but you can decide not to be reduced by them.",Maya Angelou
"If cats looked like frogs we'd realize what nasty, cruel little bastards they are. Style. That's what people remember.",Terry Pratchett
The best way to find out if you can trust somebody is to trust them.,Ernest Hemingway
Some cause happiness wherever they go; others whenever they go.,Oscar Wilde (attributed to)
"There may be times when we are powerless to prevent injustice, but there must never be a time when we fail to protest.",Elie Wiesel
The most beautiful experience we can have is the mysterious. It is the fundamental emotion that stands at the cradle of true art and true science.,Albert Einstein
"A painter should begin every canvas with a wash of black, because all things in nature are dark except where exposed by the light.",Leonardo da Vinci
"Some old wounds never truly heal, and bleed again at the slightest word.",George R.R. Martin
Donâ€™t grieve. Anything you lose comes round in another form.,Rumi
Dumbledore says people find it far easier to forgive others for being wrong than being right.,J.K. Rowling
"In heaven, all the interesting people are missing.",Friedrich Nietzsche
"I know not with what weapons World War III will be fought, but World War IV will be fought with sticks and stones.",Albert Einstein
The scariest moment is always just before you start.,Stephen King
"We know what we are, but not what we may be.",William Shakespeare
"Would you tell me, please, which way I ought to go from here?""""That depends a good deal on where you want to get to.""""I don't much care where â€“""""Then it doesn't matter which way you go.",Lewis Carroll
Follow your inner moonlight; don't hide the madness.,Allen Ginsberg
To define is to limit.,Oscar Wilde
"You have power over your mind - not outside events. Realize this, and you will find strength.",Marcus Aurelius
There is nothing noble in being superior to your fellow man; true nobility is being superior to your former self.,Ernest Hemingway
Knowing others is intelligence;knowing yourself is true wisdom.Mastering others is strength; mastering yourself is true power.,Lao Tzu
"Worry does not empty tomorrow of its sorrow, it empties today of its strength.",Corrie Ten Boom
"It has been said, 'time heals all wounds.' I do not agree. The wounds remain. In time, the mind, protecting its sanity, covers them with scar tissue and the pain lessens. But it is never gone.",Rose Fitzgerald Kennedy
"There comes a time when one must take a position that is neither safe, nor politic, nor popular, but he must take it because conscience tells him it is right.",Martin Luther King Jr.
"Why is it,"" he said, one time, at the subway entrance, ""I feel I've known you so many years?""""Because I like you,"" she said, ""and I don't want anything from you.",Ray Bradbury
"A poem begins as a lump in the throat, a sense of wrong, a homesickness, a lovesickness.",Robert Frost
"The true soldier fights not because he hates what is in front of him, but because he loves what is behind him.",G.K. Chesterton
He who has a why to live for can bear almost any how.,Friedrich Nietzsche
Do I not destroy my enemies when I make them my friends?,Abraham Lincoln
The most wasted of all days is one without laughter.,Nicolas Chamfort
"Perhaps when we find ourselves wanting everything, it is because we are dangerously close to wanting nothing.",sylvia plath
Writing is a socially acceptable form of schizophrenia.,E.L. Doctorow
Love is an irresistible desire to be irresistibly desired.,Robert Frost
Everyone has talent. What's rare is the courage to follow it to the dark places where it leads.,Erica Jong
"The more I see, the less I know for sure.",John Lennon
There is no real ending. Itâ€™s just the place where you stop the story.,Frank Herbert
"There are no facts, only interpretations.",Friedrich Nietzsche
What is hell? I maintain that it is the suffering of being unable to love.,Fyodor Dostoevsky
I have the choice of being constantly active and happy or introspectively passive and sad. Or I can go mad by ricocheting in between.,Sylvia Plath
"I felt my lungs inflate with the onrush of sceneryâ€”air, mountains, trees, people. I thought, ""This is what it is to be happy.",Sylvia Plath
Walk as if you are kissing the Earth with your feet.,Thich Nhat Hanh
"Of all forms of caution, caution in love is perhaps the most fatal to true happiness.",Bertrand Russell
"It is a curious thought, but it is only when you see people looking ridiculous that you realize just how much you love them.",Agatha Christie
Live to the point of tears.,Albert Camus
Why didn't I learn to treat everything like it was the last time. My greatest regret was how much I believed in the future.,Jonathan Safran Foer
"To see a World in a Grain of Sand And a Heaven in a Wild Flower, Hold Infinity in the palm of your hand And Eternity in an hour.",William Blake
"When the power of love overcomes the love of power, the world will know peace.",Jimi Hendrix
Find what you love and let it kill you.,Charles Bukowski
There is a stubbornness about me that never can bear to be frightened at the will of others. My courage always rises at every attempt to intimidate me.,Jane Austen
Let everything happen to youBeauty and terrorJust keep goingNo feeling is final,Rainer Maria Rilke
Learn what is to be taken seriously and laugh at the rest.,Herman Hesse
I go to seek a Great Perhaps.,FranÃ§ois Rabelais
The man of knowledge must be able not only to love his enemies but also to hate his friends.,Friedrich Nietzsche
"I am not sure that I exist, actually. I am all the writers that I have read, all the people that I have met, all the women that I have loved; all the cities I have visited.",Jorge Luis Borges
How vain it is to sit down to write when you have not stood up to live.,Henry David Thoreau
Judge a man by his questions rather than by his answers.,Voltaire
"I don't want to be at the mercy of my emotions. I want to use them, to enjoy them, and to dominate them.",Oscar Wilde
And that's the thing about people who mean everything they say. They think everyone else does too.,Khaled Hosseini
Sanity and happiness are an impossible combination.,Mark Twain
The silence depressed me. It wasn't the silence of silence. It was my own silence.,Sylvia Plath
Many people lose the small joys in the hope for the big happiness.,Pearl S. Buck
And I like large parties. Theyâ€™re so intimate. At small parties there isnâ€™t any privacy.,F. Scott Fitzgerald
Nowadays people know the price of everything and the value of nothing.,Oscar Wilde
Forever is composed of nows.,Emily Dickinson
"Education is an admirable thing, but it is well to remember from time to time that nothing that is worth knowing can be taught.",Oscar Wilde
Books have a unique way of stopping time in a particular moment and saying: Letâ€™s not forget this.,Dave Eggers
"Reading is escape, and the opposite of escape; it's a way to make contact with reality after a day of making things up, and it's a way of making contact with someone else's imagination after a day that's all too real.",Nora Ephron
"Stories may well be lies, but they are good lies that say true things, and which can sometimes pay the rent.",Neil Gaiman
"I was within and without, simultaneously enchanted and repelled by the inexhaustible variety of life.",Fitzgerald F. Scott
"Dance, when you're broken open. Dance, if you've torn the bandage off. Dance in the middle of the fighting. Dance in your blood. Dance when you're perfectly free.",Rumi
I will not let anyone walk through my mind with their dirty feet.,mahatma gandhi
"Finally, from so little sleeping and so much reading, his brain dried up and he went completely out of his mind.",Miguel de Cervantes Saavedra
"When someone is crying, of course, the noble thing to do is to comfort them. But if someone is trying to hide their tears, it may also be noble to pretend you do not notice them.",Lemony Snicket
"I, myself, am made entirely of flaws, stitched together with good intentions.",Augusten Burroughs
"The individual has always had to struggle to keep from being overwhelmed by the tribe. If you try it, you will be lonely often, and sometimes frightened. But no price is too high to pay for the privilege of owning yourself.",Friedrich Nietzsche
"Reality is that which, when you stop believing in it, doesn't go away.",Philip K. Dick
We have to continually be jumping off cliffs and developing our wings on the way down.,Kurt Vonnegut
"Confront the dark parts of yourself, and work to banish them with illumination and forgiveness. Your willingness to wrestle with your demons will cause your angels to sing.",August Wilson
Any fool can be happy. It takes a man with real heart to make beauty out of the stuff that makes us weep.,Clive Barker
A book must be the axe for the frozen sea within us.,Franz Kafka
Solitude is fine but you need someone to tell that solitude is fine.,HonorÃ© de Balzac
"If you're lonely when you're alone, you're in bad company.",Jean-Paul Sartre
"If you are irritated by every rub, how will your mirror be polished?",Rumi
"Every generation imagines itself to be more intelligent than the one that went before it, and wiser than the one that comes after it.",George Orwell
"How wrong is it for a woman to expect the man to build the world she wants, rather than to create it herself?",Anais Nin
"Trees are poems the earth writes upon the sky, We fell them down and turn them into paper,That we may record our emptiness.",Kahlil Gibran
You don't remember what happened. What you remember becomes what happened.,John Green
"You're not to be so blind with patriotism that you can't face reality. Wrong is wrong, no matter who does it or says it.",Malcolm X
"Love is not affectionate feeling, but a steady wish for the loved person's ultimate good as far as it can be obtained.",C.S. Lewis
The first draft of anything is shit.,Ernest Hemingway
"When I was a boy of 14, my father was so ignorant I could hardly stand to have the old man around. But when I got to be 21, I was astonished at how much the old man had learned in seven years.",Mark Twain
Perhaps it's impossible to wear an identity without becoming what you pretend to be.,Orson Scott Card
"We waste time looking for the perfect lover, instead of creating the perfect love.",Tom Robbins
Time is a drug. Too much of it kills you.,Terry Pratchett
Maybe everâ€™body in the whole damn world is scared of each other.,John Steinbeck
"Is 'fat' really the worst thing a human being can be? Is 'fat' worse than 'vindictive', 'jealous', 'shallow', 'vain', 'boring' or 'cruel'? Not to me.",J.K. Rowling
"The function of prayer is not to influence God, but rather to change the nature of the one who prays.",Soren Kierkegaard
"When you do things from your soul, you feel a river moving in you, a joy.",Rumi
I can resist anything except temptation.,Oscar Wilde
Life shrinks or expands in proportion to one's courage.,Anais Nin
We can easily forgive a child who is afraid of the dark; the real tragedy of life is when men are afraid of the light.,Plato
"One ought, every day at least, to hear a little song, read a good poem, see a fine picture, and, if it were possible, to speak a few reasonable words.",Johann Wolfgang von Goethe
All you have to do is write one true sentence. Write the truest sentence that you know.,Ernest Hemingway
"A cynic is a man who knows the price of everything, and the value of nothing.",Oscar Wilde
But in the end one needs more courage to live than to kill himself.,Albert Camus
"There are three types of lies -- lies, damn lies, and statistics.",Benjamin Disraeli
"The very least you can do in your life is figure out what you hope for. And the most you can do is live inside that hope. Not admire it from a distance but live right in it, under its roof.",Barbara Kingsolver
"Someone I loved once gave me a box full of darkness. It took me years to understand that this too, was a gift.",Mary Oliver
"You will do foolish things, but do them with enthusiasm.",Colette
"Don't part with your illusions. When they are gone you may still exist, but you have ceased to live.",Mark Twain
You know what charm is: a way of getting the answer yes without having asked any clear question.,Albert Camus
"You see things; you say, 'Why?' But I dream things that never were; and I say 'Why not?",George Bernard Shaw
We should consider every day lost on which we have not danced at least once.,Friedrich Wilhelm Nietzsche
An expert is a person who has made all the mistakes that can be made in a very narrow field.,Niels Bohr
"You might be poor, your shoes might be broken, but your mind is a palace.",Frank McCourt
It is not that I'm so smart. But I stay with the questions much longer.,Albert Einstein
"I am a cage, in search of a bird.",Franz Kafka
There are years that ask questions and years that answer.,Zora Neale Hurston
We are just an advanced breed of monkeys on a minor planet of a very average star. But we can understand the Universe. That makes us something very special.,Stephen Hawking
"If you ever find yourself in the wrong story, leave.",Mo Willems
"The purpose of life is not to be happy. It is to be useful, to be honorable, to be compassionate, to have it make some difference that you have lived and lived well.",Ralph Waldo Emerson
Many a book is like a key to unknown chambers within the castle of oneâ€™s own self.,Franz Kafka
"Don't bend; don't water it down; don't try to make it logical; don't edit your own soul according to the fashion. Rather, follow your most intense obsessions mercilessly.",Franz Kafka
"Suffering has been stronger than all other teaching, and has taught me to understand what your heart used to be. I have been bent and broken, but - I hope - into a better shape.",Charles Dickens
If you do not tell the truth about yourself you cannot tell it about other people.,Virginia Woolf
"When we are tired, we are attacked by ideas we conquered long ago.",Friedrich Nietzsche
"Words are pale shadows of forgotten names. As names have power, words have power. Words can light fires in the minds of men. Words can wring tears from the hardest hearts.",Patrick Rothfuss
"If you want to tell people the truth, make them laugh, otherwise they'll kill you.",George Bernard Shaw
"If I got rid of my demons, Iâ€™d lose my angels.",Tennessee Williams
"Everything can be taken from a man but one thing: the last of the human freedomsâ€”to choose oneâ€™s attitude in any given set of circumstances, to choose oneâ€™s own way.",Viktor E. Frankl
Education is the ability to listen to almost anything without losing your temper or your self-confidence.,Robert Frost
"You couldn't relive your life, skipping the awful parts, without losing what made it worthwhile. You had to accept it as a whole--like the world, or the person you loved.",Stewart O'Nan
"â€ŽLife is a shipwreck, but we must not forget to sing in the lifeboats.",Voltaire
That it will never come again is what makes life so sweet.,Emily Dickinson
People demand freedom of speech as a compensation for the freedom of thought which they seldom use.,SÃ¸ren Kierkegaard
"But I don't want comfort. I want God, I want poetry, I want real danger, I want freedom, I want goodness. I want sin.",Aldous Huxley
"Hello babies. Welcome to Earth. It's hot in the summer and cold in the winter. It's round and wet and crowded. On the outside, babies, you've got a hundred years here. There's only one rule that I know of, babies-""God damn it, you've got to be kind.",Kurt Vonnegut
"When we are no longer able to change a situation, we are challenged to change ourselves.",Viktor E. Frankl
Reading furnishes the mind only with materials of knowledge; it is thinking that makes what we read ours.,John Locke
You never know what worse luck your bad luck has saved you from.,Cormac McCarthy
I'm not young enough to know everything.,J.M. Barrie
It is forbidden to kill; therefore all murderers are punished unless they kill in large numbers and to the sound of trumpets.,Voltaire
Biology gives you a brain. Life turns it into a mind.,Jeffrey Eugenides
"If you treat an individual as he is, he will remain how he is. But if you treat him as if he were what he ought to be and could be, he will become what he ought to be and could be.",Johann Wolfgang von Goethe
Literature is the most agreeable way of ignoring life.,Fernando Pessoa
"If you ask me what I came to do in this world, I, an artist, will answer you: I am here to live out loud.",Ã‰mile Zola
"When it is dark enough, you can see the stars.",Ralph Waldo Emerson
Books say: She did this because. Life says: She did this. Books are where things are explained to you; life is where things aren't. I'm not surprised some people prefer books.,Julian Barnes
I regret that it takes a life to learn how to live.,Jonathan Safran Foer
All great and precious things are lonely.,John Steinbeck
The pessimist complains about the wind; the optimist expects it to change; the realist adjusts the sails.,William Arthur Ward
"Crying is all right in its way while it lasts. But you have to stop sooner or later, and then you still have to decide what to do.",C.S. Lewis
"She read books as one would breathe air, to fill up and live.",Annie Dillard
Failure is the condiment that gives success its flavor.,Truman Capote
We must be willing to let go of the life we planned so as to have the life that is waiting for us.,Joseph Campbell
Life is a series of natural and spontaneous changes. Don't resist them; that only creates sorrow. Let reality be reality. Let things flow naturally forward in whatever way they like.,Lao Tzu
Rivers know this: there is no hurry. We shall get there some day.,A.A. Milne
The most common way people give up their power is by thinking they don't have any.,Alice Walker
You can't depend on your eyes when your imagination is out of focus.,Mark Twain
A writer is someone for whom writing is more difficult than it is for other people.,Thomas Mann
"Sometimes when I'm talking, my words can't keep up with my thoughts. I wonder why we think faster than we speak. Probably so we can think twice.",Bill Watterson
The reasonable man adapts himself to the world: the unreasonable one persists in trying to adapt the world to himself. Therefore all progress depends on the unreasonable man.,George Bernard Shaw
"From the moment I picked up your book until I put it down, I was convulsed with laughter. Some day I intend reading it.",Groucho Marx
"Children must be taught how to think, not what to think.",Margaret Mead
There is no exquisite beautyâ€¦ without some strangeness in the proportion.,Edgar Allan Poe
"Everyone is a moon, and has a dark side which he never shows to anybody.",Mark Twain
A common mistake that people make when trying to design something completely foolproof is to underestimate the ingenuity of complete fools.,Douglas Adams
"A learning experience is one of those things that says, 'You know that thing you just did? Don't do that.",Douglas Adams
I shut my eyes and all the world drops dead; I lift my eyes and all is born again.,Sylvia Plath
If you pick up a starving dog and make him prosperous he will not bite you. This is the principal difference between a dog and man.,Mark Twain
You realize that our mistrust of the future makes it hard to give up the past.,Chuck Palahniuk
Have no fear of perfection - you'll never reach it.,Salvador Dali
"You wanna fly, you got to give up the shit that weighs you down.",Toni Morrison
"Even if you are on the right track, youâ€™ll get run over if you just sit there.",Will Rogers
"When people don't express themselves, they die one piece at a time.",Laurie Halse Anderson
A good traveler has no fixed plans and is not intent on arriving.,Lao Tzu
"Every one of us is, in the cosmic perspective, precious. If a human disagrees with you, let him live. In a hundred billion galaxies, you will not find another.",Carl Sagan
"Three may keep a secret, if two of them are dead.",Benjamin Franklin
"And when at last you find someone to whom you feel you can pour out your soul, you stop in shock at the words you utterâ€” they are so rusty, so ugly, so meaningless and feeble from being kept in the small cramped dark inside you so long.",Sylvia Plath
Sometimes it's a form of love just to talk to somebody that you have nothing in common with and still be fascinated by their presence.,David Byrne
The only way to do great work is to love what you do.,Steve Jobs
In the middle of difficulty lies opportunity.,Albert Einstein
The best time to plant a tree was 20 years ago. The second best time is now.,Chinese Proverb
What you get by achieving your goals is not as important as what you become by achieving your goals.,Zig Ziglar
The cave you fear to enter holds the treasure you seek.,Joseph Campbell
Knowing yourself is the beginning of all wisdom.,Aristotle
"A ship in harbor is safe, but that is not what ships are built for.",John A. Shedd
"If you want to go fast, go alone. If you want to go far, go together.",African Proverb
To be beautiful means to be yourself. You don't need to be accepted by others. You need to accept yourself.,Thich Nhat Hanh
Vision without execution is just hallucination.,Thomas Edison
The only person you are destined to become is the person you decide to be.,Ralph Waldo Emerson
"I think, therefore I am.",René Descartes
What lies behind us and what lies before us are tiny matters compared to what lies within us.,Ralph Waldo Emerson
"The more I read, the more I acquire, the more certain I am that I know nothing.",Voltaire
Every great dream begins with a dreamer.,Harriet Tubman
"One child, one teacher, one book, one pen can change the world.",Malala Yousafzai
Simplicity is the ultimate sophistication.,Leonardo da Vinci
"Success is not final, failure is not fatal: it is the courage to continue that counts.",Winston Churchill
"The greatest glory in living lies not in never falling, but in rising every time we fall.",Nelson Mandela
It always seems impossible until it's done.,Nelson Mandela
Injustice anywhere is a threat to justice everywhere.,Martin Luther King Jr.
The future belongs to those who believe in the beauty of their dreams.,Eleanor Roosevelt
No one can make you feel inferior without your consent.,Eleanor Roosevelt
"I learned that courage was not the absence of fear, but the triumph over it.",Nelson Mandela
Be the change you wish to see in the world.,Mahatma Gandhi
Darkness cannot drive out darkness; only light can do that. Hate cannot drive out hate; only love can do that.,Martin Luther King Jr.
"If you look at what you have in life, you'll always have more. If you look at what you don't have, you'll never have enough.",Oprah Winfrey
Turn your wounds into wisdom.,Oprah Winfrey
"Strive not to be a success, but rather to be of value.",Albert Einstein
The mind is everything. What you think you become.,Buddha
An unexamined life is not worth living.,Socrates
Where there is love there is life.,Mahatma Gandhi
The best revenge is massive success.,Frank Sinatra
Whoever is happy will make others happy too.,Anne Frank
You miss 100% of the shots you don't take.,Wayne Gretzky
Every moment is a fresh beginning.,T.S. Eliot
We may encounter many defeats but we must not be defeated.,Maya Angelou
Believe you can and you're halfway there.,Theodore Roosevelt
"When you reach the end of your rope, tie a knot in it and hang on.",Franklin D. Roosevelt
The purpose of our lives is to be happy.,Dalai Lama
Spread love everywhere you go. Let no one ever come to you without leaving happier.,Mother Teresa
I have decided to stick with love. Hate is too great a burden to bear.,Martin Luther King Jr.
"If you set your goals ridiculously high and it's a failure, you will fail above everyone else's success.",James Cameron
Talent is cheaper than table salt. What separates the talented individual from the successful one is a lot of hard work.,Stephen King
We become what we think about.,Earl Nightingale
I attribute my success to this: I never gave or took any excuse.,Florence Nightingale
You can never cross the ocean until you have the courage to lose sight of the shore.,Christopher Columbus
Act as if what you do makes a difference. It does.,William James
What we achieve inwardly will change outer reality.,Plutarch
Happiness is not something ready made. It comes from your own actions.,Dalai Lama
The only limit to our realization of tomorrow will be our doubts of today.,Franklin D. Roosevelt
It is during our darkest moments that we must focus to see the light.,Aristotle
The way to get started is to quit talking and begin doing.,Walt Disney
"Life is really simple, but we insist on making it complicated.",Confucius
"I can't change the direction of the wind, but I can adjust my sails to always reach my destination.",Jimmy Dean
"Everything has beauty, but not everyone sees it.",Confucius
"Nothing in life is to be feared, it is only to be understood.",Marie Curie
"If life were predictable it would cease to be life, and be without flavor.",Eleanor Roosevelt
"You only live once, but if you do it right, once is enough.",Mae West
"The same boiling water that softens the potato hardens the egg. It's about what you're made of, not the circumstances.",Unknown
Life is 10% what happens to us and 90% how we react to it.,Charles R. Swindoll
"Courage is not the absence of fear, but rather the assessment that something else is more important than fear.",Franklin D. Roosevelt
Real generosity toward the future lies in giving all to the present.,Albert Camus
The secret of getting ahead is getting started.,Mark Twain
"It is not the strongest of the species that survives, nor the most intelligent. It is the one most adaptable to change.",Charles Darwin
The only impossible journey is the one you never begin.,Tony Robbins
Security is mostly a superstition. Life is either a daring adventure or nothing.,Helen Keller
"If you want to lift yourself up, lift up someone else.",Booker T. Washington
"You have within you right now, everything you need to deal with whatever the world can throw at you.",Brian Tracy
We can easily forgive a child who is afraid of the dark; the real tragedy of life is when adults are afraid of the light.,Plato
"I alone cannot change the world, but I can cast a stone across the waters to create many ripples.",Mother Teresa
Nothing is impossible. The word itself says 'I'm possible!',Audrey Hepburn
Life isn't about waiting for the storm to pass; it's about learning to dance in the rain.,Vivian Greene
The greatest wealth is to live content with little.,Plato
Only those who will risk going too far can possibly find out how far one can go.,T.S. Eliot
I was smart enough to go through any door that opened.,Joan Rivers
"Don't count the days, make the days count.",Muhammad Ali
Champions keep playing until they get it right.,Billie Jean King
"The harder the conflict, the more glorious the triumph.",Thomas Paine
"When everything seems to be going against you, remember that the airplane takes off against the wind, not with it.",Henry Ford
Success usually comes to those who are too busy to be looking for it.,Henry David Thoreau
"I find that the harder I work, the more luck I seem to have.",Thomas Jefferson
Don't be afraid to give up the good to go for the great.,John D. Rockefeller
I never dreamed about success. I worked for it.,Estée Lauder
"Fall seven times, stand up eight.",Japanese Proverb
"We must accept finite disappointment, but never lose infinite hope.",Martin Luther King Jr.
There is nothing permanent except change.,Heraclitus
Knowing is not enough; we must apply. Willing is not enough; we must do.,Johann Wolfgang von Goethe
The shoe that fits one person pinches another; there is no recipe for living that suits all cases.,Carl Jung
"Imagination is the beginning of creation. You imagine what you desire, you will what you imagine, and at last, you create what you will.",George Bernard Shaw
"Our greatest fear should not be of failure, but of succeeding at things in life that don't really matter.",Francis Chan
The soul that sees beauty may sometimes walk alone.,Johann Wolfgang von Goethe
What we fear doing most is usually what we most need to do.,Tim Ferriss
"Do not go where the path may lead, go instead where there is no path and leave a trail.",Ralph Waldo Emerson
Doubt kills more dreams than failure ever will.,Suzy Kassem
The best way out is always through.,Robert Frost
We suffer more often in imagination than in reality.,Seneca
He who has a why to live can bear almost any how.,Friedrich Nietzsche
Between stimulus and response there is a space. In that space is our power to choose our response.,Viktor Frankl
The obstacle is the way.,Marcus Aurelius
No man is free who is not master of himself.,Epictetus
It is not because things are difficult that we do not dare; it is because we do not dare that they are difficult.,Seneca
How long are you going to wait before you demand the best for yourself?,Epictetus
You could leave life right now. Let that determine what you do and say and think.,Marcus Aurelius
Waste no more time arguing about what a good man should be. Be one.,Marcus Aurelius
The happiness of your life depends upon the quality of your thoughts.,Marcus Aurelius
"Difficulties strengthen the mind, as labor does the body.",Seneca
The whole future lies in uncertainty: live immediately.,Seneca
"He is a wise man who does not grieve for the things which he has not, but rejoices for those which he has.",Epictetus
Man conquers the world by conquering himself.,Zeno of Citium
Associate with people who are likely to improve you.,Seneca
"The key is to keep company only with people who uplift you, whose presence calls forth your best.",Epictetus
"If a man knows not to which port he sails, no wind is favorable.",Seneca
We are more often frightened than hurt; and we suffer more from imagination than from reality.,Seneca
First say to yourself what you would be; and then do what you have to do.,Epictetus
Don't explain your philosophy. Embody it.,Epictetus
Be tolerant with others and strict with yourself.,Marcus Aurelius
The art of living is more like wrestling than dancing.,Marcus Aurelius
Choose not to be harmed — and you won't feel harmed.,Marcus Aurelius
What stands in the way becomes the way.,Marcus Aurelius
Luck is what happens when preparation meets opportunity.,Seneca
No person is free who is not master of himself.,Epictetus
"Very little is needed to make a happy life; it is all within yourself, in your way of thinking.",Marcus Aurelius
The best way to predict the future is to create it.,Abraham Lincoln
"We are what we repeatedly do. Excellence, then, is not an act, but a habit.",Aristotle
Give me six hours to chop down a tree and I will spend the first four sharpening the axe.,Abraham Lincoln
A person who never made a mistake never tried anything new.,Albert Einstein
The only thing we have to fear is fear itself.,Franklin D. Roosevelt
To do two things at once is to do neither.,Publilius Syrus
Adventure is worthwhile in itself.,Amelia Earhart
Twenty years from now you will be more disappointed by the things that you didn't do than by the ones you did do.,Mark Twain
The price of anything is the amount of life you exchange for it.,Henry David Thoreau
Life is what happens when you're busy making other plans.,John Lennon
Try to be a rainbow in someone's cloud.,Maya Angelou
"I've learned that people will forget what you said, people will forget what you did, but people will never forget how you made them feel.",Maya Angelou
"We are all broken, that's how the light gets in.",Ernest Hemingway
The question isn't who is going to let me; it's who is going to stop me.,Ayn Rand
A smooth sea never made a skilled sailor.,Franklin D. Roosevelt
You must be the change you wish to see in the world.,Mahatma Gandhi
The journey of a thousand miles begins with one step.,Lao Tzu
Love the life you live. Live the life you love.,Bob Marley
An investment in knowledge pays the best interest.,Benjamin Franklin
Well done is better than well said.,Benjamin Franklin
A room without books is like a body without a soul.,Marcus Tullius Cicero
You are never too old to set another goal or to dream a new dream.,C.S. Lewis
"If you cannot do great things, do small things in a great way.",Napoleon Hill
The pen is mightier than the sword.,Edward Bulwer-Lytton
"The mind is its own place, and in itself can make a heaven of hell, a hell of heaven.",John Milton
Tell me and I forget. Teach me and I remember. Involve me and I learn.,Benjamin Franklin
What you do speaks so loudly that I cannot hear what you say.,Ralph Waldo Emerson
The measure of who we are is what we do with what we have.,Vince Lombardi
"If you can dream it, you can do it.",Walt Disney
A person who has never failed has never tried anything.,Albert Einstein
Start where you are. Use what you have. Do what you can.,Arthur Ashe
It is never too late to be what you might have been.,George Eliot
Everything you've ever wanted is on the other side of fear.,George Addair
The greatest mistake you can make in life is to be continually fearing you will make one.,Elbert Hubbard
I would rather die of passion than of boredom.,Vincent van Gogh
"Your time is limited, so don't waste it living someone else's life.",Steve Jobs
"If opportunity doesn't knock, build a door.",Milton Berle
Great minds discuss ideas; average minds discuss events; small minds discuss people.,Eleanor Roosevelt
Dream big and dare to fail.,Norman Vaughan
"We know what we are, but know not what we may be.",William Shakespeare
"Stay hungry, stay foolish.",Steve Jobs
"To be or not to be, that is the question.",William Shakespeare
I think therefore I am.,René Descartes
That which does not kill us makes us stronger.,Friedrich Nietzsche
Hell is other people.,Jean-Paul Sartre
"I think, therefore I am dangerous.",Jean-Luc Godard
Be yourself; everyone else is already taken.,Oscar Wilde
In the depth of winter I finally learned that within me there lay an invincible summer.,Albert Camus
Out of your vulnerabilities will come your strength.,Sigmund Freud
What is done out of love always takes place beyond good and evil.,Friedrich Nietzsche
Blessed are the hearts that can bend; they shall never be broken.,Albert Camus
The only way to deal with an unfree world is to become so absolutely free that your very existence is an act of rebellion.,Albert Camus
"All that is gold does not glitter, not all those who wander are lost.",J.R.R. Tolkien
"The world breaks everyone, and afterward, some are strong at the broken places.",Ernest Hemingway
There is a crack in everything. That's how the light gets in.,Leonard Cohen
Ring the bells that still can ring. Forget your perfect offering.,Leonard Cohen
Ever tried. Ever failed. No matter. Try again. Fail again. Fail better.,Samuel Beckett
"To live is to suffer, to survive is to find some meaning in the suffering.",Friedrich Nietzsche
"Man is condemned to be free; because once thrown into the world, he is responsible for everything he does.",Jean-Paul Sartre
There is no love of life without despair of life.,Albert Camus
One must imagine Sisyphus happy.,Albert Camus
The only true voyage of discovery consists not in seeking new landscapes but in having new eyes.,Marcel Proust
"We do not remember days, we remember moments.",Cesare Pavese
The test of a first-rate intelligence is the ability to hold two opposing ideas in mind at the same time and still retain the ability to function.,F. Scott Fitzgerald
"Until you make the unconscious conscious, it will direct your life and you will call it fate.",Carl Jung
The privilege of a lifetime is to become who you truly are.,Carl Jung
"Where Id was, there shall Ego be.",Sigmund Freud
I must not fear. Fear is the mind-killer.,Frank Herbert
"Power is not revealed by striking hard or often, but by striking true.",Honoré de Balzac
"The curious paradox is that when I accept myself just as I am, then I can change.",Carl Rogers
"The pendulum of the mind alternates between sense and nonsense, not between right and wrong.",Carl Jung
"People do not decide their futures, they decide their habits and their habits decide their futures.",F.M. Alexander
Your visions will become clear only when you can look into your own heart.,Carl Jung
"Loneliness does not come from having no people around, but from being unable to communicate the things that seem important to oneself.",Carl Jung
"What worries you, masters you.",John Locke
Deep in the human unconscious is a pervasive need for a logical universe that makes sense.,Frank Herbert
"I am not what happened to me, I am what I choose to become.",Carl Jung
Creativity takes courage.,Henri Matisse
"Where the willingness is great, the difficulties cannot be great.",Niccolò Machiavelli
Nothing great was ever achieved without enthusiasm.,Ralph Waldo Emerson
Only in the darkness can you see the stars.,Martin Luther King Jr.
Hardships often prepare ordinary people for an extraordinary destiny.,C.S. Lewis
"If you hear a voice within you say 'you cannot paint,' then by all means paint and that voice will be silenced.",Vincent van Gogh
Keep your face always toward the sunshine and shadows will fall behind you.,Walt Whitman
A candle loses nothing by lighting another candle.,James Keller
"Sometimes you climb out of bed in the morning and you think, I'm not going to make it, but you laugh inside remembering all the times you've felt that way.",Charles Bukowski
"The most beautiful things in the world cannot be seen or touched, they are felt with the heart.",Antoine de Saint-Exupéry
Go confidently in the direction of your dreams! Live the life you've imagined.,Henry David Thoreau
"When one door of happiness closes, another opens; but often we look so long at the closed door that we do not see the one which has been opened for us.",Helen Keller
"Tough times never last, but tough people do.",Robert H. Schuller
Be kind whenever possible. It is always possible.,Dalai Lama
We are all apprentices in a craft where no one ever becomes a master.,Ernest Hemingway
The only thing standing between you and your goal is the story you keep telling yourself as to why you can't achieve it.,Jordan Belfort
Don't walk behind me; I may not lead. Don't walk in front of me; I may not follow. Just walk beside me and be my friend.,Albert Camus
"May your choices reflect your hopes, not your fears.",Nelson Mandela
It is not the critic who counts; the credit belongs to the man who is actually in the arena.,Theodore Roosevelt
A goal is a dream with a deadline.,Napoleon Hill
"Work hard in silence, let success be your noise.",Frank Ocean
The bamboo that bends is stronger than the oak that resists.,Japanese Proverb
"A river cuts through rock not because of its power, but because of its persistence.",Jim Watkins
Begin at the beginning and go on till you come to the end; then stop.,Lewis Carroll
What consumes your mind controls your life.,Unknown
The energy of the mind is the essence of life.,Aristotle
I restore myself when I'm alone.,Marilyn Monroe
"Whatever you do, do it well.",Walt Disney
Nothing can dim the light that shines from within.,Maya Angelou
The man who moves a mountain begins by carrying away small stones.,Confucius
We are shaped by our thoughts; we become what we think.,Buddha
"He who opens a school door, closes a prison.",Victor Hugo
A great man is always willing to be little.,Ralph Waldo Emerson
Live as if you were to die tomorrow. Learn as if you were to live forever.,Mahatma Gandhi
"Perfection is not attainable, but if we chase perfection we can catch excellence.",Vince Lombardi
"A single act of kindness throws out roots in all directions, and the roots spring up and make new trees.",Amelia Earhart
Nothing is particularly hard if you divide it into small jobs.,Henry Ford
"If your actions inspire others to dream more, learn more, do more and become more, you are a leader.",John Quincy Adams
"Everybody is a genius. But if you judge a fish by its ability to climb a tree, it will live its whole life believing that it is stupid.",Albert Einstein
"The world is changed by your example, not by your opinion.",Paulo Coelho
"Arise, awake, and stop not till the goal is reached.",Swami Vivekananda
Make yourself unnecessary.,Seth Godin
There are two types of people who will tell you that you cannot make a difference in this world: those who are afraid to try and those who are afraid you will succeed.,Ray Goforth
"Not everything that is faced can be changed, but nothing can be changed until it is faced.",James Baldwin
Be so good they can't ignore you.,Steve Martin
The meaning of life is to find your gift. The purpose of life is to give it away.,Pablo Picasso
"Whether you think you can, or you think you can't — you're right.",Henry Ford
Education is the most powerful weapon which you can use to change the world.,Nelson Mandela
You must learn a new way to think before you can master a new way to be.,Marianne Williamson
In any given moment we have two options: to step forward into growth or step back into safety.,Abraham Maslow
"One's mind, once stretched by a new idea, never regains its original dimensions.",Oliver Wendell Holmes Sr.
"What the caterpillar calls the end of the world, the master calls a butterfly.",Richard Bach
"How we spend our days is, of course, how we spend our lives.",Annie Dillard
Growth is painful. Change is painful. But nothing is as painful as staying stuck somewhere you don't belong.,Mandy Hale
"People often say that motivation doesn't last. Well, neither does bathing — that's why we recommend it daily.",Zig Ziglar
The measure of intelligence is the ability to change.,Albert Einstein
"Dwell on the beauty of life. Watch the stars, and see yourself running with them.",Marcus Aurelius
"Every day may not be good, but there is something good in every day.",Alice Morse Earle
A man who dares to waste one hour of time has not discovered the value of life.,Charles Darwin
Kindness is a language which the deaf can hear and the blind can see.,Mark Twain
Life begins at the end of your comfort zone.,Neale Donald Walsch
"The quieter you become, the more you are able to hear.",Rumi
Let the beauty of what you love be what you do.,Rumi
"Don't be satisfied with stories, how things have gone with others. Unfold your own myth.",Rumi
"When you let go of who you are, you become who you might be.",Rumi
Everything in the universe is within you. Ask all from yourself.,Rumi
"Raise your words, not your voice. It is rain that grows flowers, not thunder.",Rumi
Sell your cleverness and buy bewilderment.,Rumi
You were born with wings. Why prefer to crawl through life?,Rumi
"Do not feel lonely, the entire universe is inside you.",Rumi
Respond to every call that excites your spirit.,Rumi
Set your life on fire. Seek those who fan your flames.,Rumi
There is a voice that doesn't use words. Listen.,Rumi
"If light is in your heart, you will find your way home.",Rumi
Why do you stay in prison when the door is so wide open?,Rumi
Work like you don't need the money. Dance like no one is watching.,Satchel Paige
Opportunities don't happen. You create them.,Chris Grosser
"Either you run the day, or the day runs you.",Jim Rohn
"Your life does not get better by chance, it gets better by change.",Jim Rohn
"We can't help everyone, but everyone can help someone.",Ronald Reagan
"The question is not what you look at, but what you see.",Henry David Thoreau
It is health that is real wealth and not pieces of gold and silver.,Mahatma Gandhi
Comparison is the thief of joy.,Theodore Roosevelt
"You don't have to be great to start, but you have to start to be great.",Zig Ziglar
"The world is full of willing people; some willing to work, the rest willing to let them.",Robert Frost
A wise man can learn more from a foolish question than a fool can learn from a wise answer.,Bruce Lee
"Absorb what is useful, discard what is useless and add what is specifically your own.",Bruce Lee
"Knowing is not enough, we must apply. Willing is not enough, we must do.",Bruce Lee
"I fear not the man who has practiced 10,000 kicks once, but I fear the man who has practiced one kick 10,000 times.",Bruce Lee
Mistakes are the portals of discovery.,James Joyce
"The world is a tragedy to those who feel, but a comedy to those who think.",Horace Walpole
Brevity is the soul of wit.,William Shakespeare
All men's miseries derive from not being able to sit in a quiet room alone.,Blaise Pascal
"I disapprove of what you say, but I will defend to the death your right to say it.",Evelyn Beatrice Hall
There is no sincerer love than the love of food.,George Bernard Shaw
So it goes.,Kurt Vonnegut
"It was the best of times, it was the worst of times.",Charles Dickens
The world is a stage and we are all merely players.,William Shakespeare
"Whoever controls the media, the images, controls the culture.",Allen Ginsberg
"A great book should leave you with many experiences, and slightly exhausted at the end.",William Styron
The privilege of a lifetime is being who you are.,Joseph Campbell
Follow your bliss and the universe will open doors where there were only walls.,Joseph Campbell
The wound is where the light enters.,Rumi
Life is either a daring adventure or nothing at all.,Helen Keller
The best and most beautiful things in the world cannot be seen or even touched. They must be felt with the heart.,Helen Keller
Alone we can do so little; together we can do so much.,Helen Keller
Character cannot be developed in ease and quiet.,Helen Keller
"I am only one, but I am one. I cannot do everything, but I can do something.",Helen Keller
"A bird doesn't sing because it has an answer, it sings because it has a song.",Maya Angelou
"Success is liking yourself, liking what you do, and liking how you do it.",Maya Angelou
If you're always trying to be normal you will never know how amazing you can be.,Maya Angelou
"When someone shows you who they are, believe them the first time.",Maya Angelou
Still I rise.,Maya Angelou
Love recognizes no barriers.,Maya Angelou
Hope is the thing with feathers that perches in the soul.,Emily Dickinson
I dwell in possibility.,Emily Dickinson
To live is so startling it leaves little time for anything else.,Emily Dickinson
Creativity is intelligence having fun.,Albert Einstein
The important thing is not to stop questioning. Curiosity has its own reason for existence.,Albert Einstein
Imagination is more important than knowledge.,Albert Einstein
"Life is like riding a bicycle. To keep your balance, you must keep moving.",Albert Einstein
"Look deep into nature, and then you will understand everything better.",Albert Einstein
The world as we have created it is a process of our thinking.,Albert Einstein
The mind that opens to a new idea never returns to its original size.,Albert Einstein
"Out of clutter, find simplicity. From discord, find harmony. In the middle of difficulty lies opportunity.",Albert Einstein
The best teacher is experience and not through someone's distorted point of view.,Jack Kerouac
There are no foreign lands. It is the traveler only who is foreign.,Robert Louis Stevenson
Travel makes one modest. You see what a tiny place you occupy in the world.,Gustave Flaubert
"The real voyage of discovery consists not in seeking new landscapes, but in having new eyes.",Marcel Proust
"The world is a book, and those who do not travel read only one page.",Saint Augustine
"We live in a wonderful world that is full of beauty, charm and adventure.",Jawaharlal Nehru
To travel is to discover that everyone is wrong about other countries.,Aldous Huxley
"One belongs to New York instantly, one belongs to it as much in five minutes as in five years.",Tom Wolfe
"The uses of travel are occasional, and short; but the best fruit it finds, when it finds it, is conversation.",Ralph Waldo Emerson
Not until we are lost do we begin to understand ourselves.,Henry David Thoreau
Our truest life is when we are in dreams awake.,Henry David Thoreau
The mass of men lead lives of quiet desperation.,Henry David Thoreau
"As you simplify your life, the laws of the universe will be simpler.",Henry David Thoreau
Disobedience is the true foundation of liberty. The obedient must be slaves.,Henry David Thoreau
I went to the woods because I wished to live deliberately.,Henry David Thoreau
In wildness is the preservation of the world.,Henry David Thoreau
"It's not what you look at that matters, it's what you see.",Henry David Thoreau
The world is but a canvas to our imagination.,Henry David Thoreau
Thought is the sculptor who can create the person you want to be.,Henry David Thoreau
Time is but the stream I go a-fishing in.,Henry David Thoreau
"Be a bush if you can't be a tree. If you can't be a highway, just be a trail.",Martin Luther King Jr.
I have a dream that one day this nation will rise up and live out the true meaning of its creed.,Martin Luther King Jr.
The time is always right to do what is right.,Martin Luther King Jr.
Intelligence plus character — that is the goal of true education.,Martin Luther King Jr.
Life's most persistent and urgent question is: What are you doing for others?,Martin Luther King Jr.
"If you can't fly then run, if you can't run then walk, if you can't walk then crawl, but whatever you do you have to keep moving forward.",Martin Luther King Jr.
Science without religion is lame; religion without science is blind.,Albert Einstein
Peace cannot be kept by force; it can only be achieved by understanding.,Albert Einstein
A question that sometimes drives me hazy: am I or are the others crazy?,Albert Einstein
I believe in intuitions and inspirations. I sometimes feel that I am right. I do not know that I am.,Albert Einstein
The only source of knowledge is experience.,Albert Einstein
Weakness of attitude becomes weakness of character.,Albert Einstein
"Learn from yesterday, live for today, hope for tomorrow.",Albert Einstein
The true sign of intelligence is not knowledge but imagination.,Albert Einstein
"In matters of truth and justice, there is no difference between large and small problems.",Albert Einstein
The world is not dangerous because of those who do harm but because of those who look at it without doing anything.,Albert Einstein
Nature shows us only the tail of the lion. But there is no doubt in my mind that the lion belongs to it.,Albert Einstein
Compound interest is the eighth wonder of the world.,Albert Einstein
I want to know God's thoughts; the rest are details.,Albert Einstein
"Not everything that can be counted counts, and not everything that counts can be counted.",William Bruce Cameron
I would rather have questions that can't be answered than answers that can't be questioned.,Richard Feynman
The first principle is that you must not fool yourself — and you are the easiest person to fool.,Richard Feynman
"Study hard what interests you the most in the most undisciplined, irreverent and original manner possible.",Richard Feynman
I'd rather have roses on my table than diamonds on my neck.,Emma Goldman
"If I can't dance, I don't want to be part of your revolution.",Emma Goldman
The most violent element in society is ignorance.,Emma Goldman
"When I dare to be powerful, to use my strength in the service of my vision, then it becomes less and less important whether I am afraid.",Audre Lorde
Revolution is not a one-time event.,Audre Lorde
Your silence will not protect you.,Audre Lorde
The master's tools will never dismantle the master's house.,Audre Lorde
"I am not free while any woman is unfree, even when her shackles are very different from my own.",Audre Lorde
We have been raised to fear the yes within ourselves.,Audre Lorde
"When I dare to be powerful, to use my strength in the service of my vision, then it becomes less important whether I am afraid.",Audre Lorde
Poetry is not a luxury.,Audre Lorde
"Caring for myself is not self-indulgence, it is self-preservation, and that is an act of political warfare.",Audre Lorde
"I write for those women who do not speak, for those who do not have a voice because they were so terrified.",Anaïs Nin
"Each friend represents a world in us, a world not born until they arrive.",Anaïs Nin
"The role of a writer is not to say what we all can say, but what we are unable to say.",Anaïs Nin
"We don't see things as they are, we see them as we are.",Anaïs Nin
"Throw your dreams into space like a kite, and you do not know what it will bring back: a new life, a new friend, a new love, a new country.",Anaïs Nin
People living deeply have no fear of death.,Anaïs Nin
Good writing is essentially rewriting.,Roald Dahl
A little nonsense now and then is relished by the wisest men.,Roald Dahl
If you are going to get anywhere in life you have to read a lot of books.,Roald Dahl
"So please, oh please, we beg, we pray, go throw your TV set away.",Roald Dahl
I began to realize how important it was to be an enthusiast in life.,Roald Dahl
"Kindness — that simple word. To be kind — it covers everything, to my mind.",Roald Dahl
Watch with glittering eyes the whole world around you.,Roald Dahl
A person who has good thoughts cannot ever be ugly.,Roald Dahl
"It doesn't matter who you are or what you look like, so long as somebody loves you.",Roald Dahl
"We are the music makers, and we are the dreamers of dreams.",Arthur O'Shaughnessy
"People will do anything, no matter how absurd, to avoid facing their own souls.",Carl Jung
"Who looks outside, dreams; who looks inside, awakes.",Carl Jung
Everything that irritates us about others can lead us to an understanding of ourselves.,Carl Jung
The creation of something new is not accomplished by the intellect but by the play instinct.,Carl Jung
"In all chaos there is a cosmos, in all disorder a secret order.",Carl Jung
"Thinking is difficult, that's why most people judge.",Carl Jung
We cannot change anything unless we accept it.,Carl Jung
The shoe that fits one person pinches another.,Carl Jung
Show me a sane man and I will cure him for you.,Carl Jung
Children are educated by what the grown-up is and not by his talk.,Carl Jung
"Life really does begin at forty. Up until then, you are just doing research.",Carl Jung
"As far as we can discern, the sole purpose of human existence is to kindle a light in the darkness of mere being.",Carl Jung
Resistance to the organized mass can be effected only by the man who is as well organized in his individuality as the mass itself.,Carl Jung
The most terrifying thing is to accept oneself completely.,Carl Jung
"One does not become enlightened by imagining figures of light, but by making the darkness conscious.",Carl Jung
"Where wisdom reigns, there is no conflict between thinking and feeling.",Carl Jung
Find out what a person fears most and that is where he will develop next.,Carl Jung
Your vision will become clear only when you can look into your own heart.,Carl Jung
Great talents are the most lovely and often the most dangerous fruits on the tree of humanity.,Carl Jung
No tree can grow to heaven unless its roots reach down to hell.,Carl Jung
There's no coming to consciousness without pain.,Carl Jung
"What you resist, persists.",Carl Jung
"Half of what I say is meaningless, but I say it so that the other half may reach you.",Kahlil Gibran
Your living is determined not so much by what life brings to you as by the attitude you bring to life.,Kahlil Gibran
Out of suffering have emerged the strongest souls; the most massive characters are seared with scars.,Kahlil Gibran
The teacher who is indeed wise does not bid you to enter the house of his wisdom but rather leads you to the threshold of your mind.,Kahlil Gibran
Beauty is eternity gazing at itself in a mirror.,Kahlil Gibran
"I have learned silence from the talkative, toleration from the intolerant, and kindness from the unkind.",Kahlil Gibran
"If you reveal your secrets to the wind, you should not blame the wind for revealing them to the trees.",Kahlil Gibran
Your children are not your children. They are the sons and daughters of Life's longing for itself.,Kahlil Gibran
You give but little when you give of your possessions. It is when you give of yourself that you truly give.,Kahlil Gibran
"When you are joyous, look deep into your heart and you shall find it is only that which has given you sorrow that is giving you joy.",Kahlil Gibran
"Tenderness and kindness are not signs of weakness and despair, but manifestations of strength and resolution.",Kahlil Gibran
"The appearance of things changes according to the emotions, and thus we see magic and beauty in them.",Kahlil Gibran
Work is love made visible.,Kahlil Gibran
Knowledge of the self is the mother of all knowledge.,Kahlil Gibran
Let there be spaces in your togetherness.,Kahlil Gibran
"I prefer to be a dreamer among the humblest, with visions to be realized, than lord among those without dreams and desires.",Kahlil Gibran
"The deeper that sorrow carves into your being, the more joy you can contain.",Kahlil Gibran
"If the other person injures you, you may forget the injury; but if you injure him you will always remember.",Kahlil Gibran
A friend who is far away is sometimes much nearer than one who is at hand.,Kahlil Gibran
Coming together is a beginning; keeping together is progress; working together is success.,Henry Ford
"Whether you think you can or you think you can't, you're right.",Henry Ford
"Failure is simply the opportunity to begin again, this time more intelligently.",Henry Ford
"Don't find fault, find a remedy.",Henry Ford
"Anyone who stops learning is old, whether at twenty or eighty.",Henry Ford
Obstacles are those frightful things you see when you take your eyes off your goal.,Henry Ford
Quality means doing it right when no one is looking.,Henry Ford
"The whole secret of a successful life is to find out what is one's destiny to do, and then do it.",Henry Ford
You can't build a reputation on what you are going to do.,Henry Ford
There is one rule for the industrialist and that is: Make the best quality of goods possible at the lowest cost possible.,Henry Ford
Chop your own wood and it will warm you twice.,Henry Ford
Most people spend more time and energy going around problems than in trying to solve them.,Henry Ford
"As we express our gratitude, we must never forget that the highest appreciation is not to utter words, but to live by them.",John F. Kennedy
Change is the law of life. And those who look only to the past or present are certain to miss the future.,John F. Kennedy
The only thing worse than being blind is having sight but no vision.,Helen Keller
"Although the world is full of suffering, it is also full of the overcoming of it.",Helen Keller
Optimism is the faith that leads to achievement.,Helen Keller
Keep your face to the sunshine and you cannot see a shadow.,Helen Keller
We can do anything we want to if we stick to it long enough.,Helen Keller
"What I am looking for is not out there, it is in me.",Helen Keller
The struggle of today is not altogether for today — it is for a vast future also.,Abraham Lincoln
"Nearly all men can stand adversity, but if you want to test a man's character, give him power.",Abraham Lincoln
"Whatever you are, be a good one.",Abraham Lincoln
"I am a slow walker, but I never walk back.",Abraham Lincoln
"When I do good, I feel good. When I do bad, I feel bad. That's my religion.",Abraham Lincoln
"Things may come to those who wait, but only the things left by those who hustle.",Abraham Lincoln
I don't like that man. I must get to know him better.,Abraham Lincoln
The probability that we may fail in the struggle ought not to deter us from the support of a cause we believe to be just.,Abraham Lincoln
People are just as happy as they make up their minds to be.,Abraham Lincoln
"My great concern is not whether you have failed, but whether you are content with your failure.",Abraham Lincoln
You cannot escape the responsibility of tomorrow by evading it today.,Abraham Lincoln
Those who deny freedom to others deserve it not for themselves.,Abraham Lincoln
I would rather be a little nobody than to be an evil somebody.,Abraham Lincoln
Character is like a tree and reputation like a shadow. The shadow is what we think of it; the tree is the real thing.,Abraham Lincoln
Am I not destroying my enemies when I make friends of them?,Abraham Lincoln
"In the end, it's not the years in your life that count. It's the life in your years.",Abraham Lincoln
Most folks are about as happy as they make up their minds to be.,Abraham Lincoln
I have always found that mercy bears richer fruits than strict justice.,Abraham Lincoln
"Blessed is the influence of one true, loving human soul on another.",George Eliot
The only journey is the one within.,Rainer Maria Rilke
Let everything happen to you. Beauty and terror. Just keep going.,Rainer Maria Rilke
Perhaps all the dragons in our lives are princesses who are only waiting to see us act with beauty and courage.,Rainer Maria Rilke
For one human being to love another: that is perhaps the most difficult of all our tasks.,Rainer Maria Rilke
"The future enters into us, in order to transform itself in us, long before it happens.",Rainer Maria Rilke
You must change your life.,Rainer Maria Rilke
Don't be too timid and squeamish about your actions. All life is an experiment.,Ralph Waldo Emerson
Write it on your heart that every day is the best day in the year.,Ralph Waldo Emerson
For every minute you are angry you lose sixty seconds of happiness.,Ralph Waldo Emerson
"Sorrow looks back, worry looks around, faith looks up.",Ralph Waldo Emerson
The earth laughs in flowers.,Ralph Waldo Emerson
The only person you should try to be better than is the person you were yesterday.,Anonymous
"It is impossible to live without failing at something, unless you live so cautiously that you might as well not have lived at all.",J.K. Rowling
Rock bottom became the solid foundation on which I rebuilt my life.,J.K. Rowling
"We are only as strong as we are united, as weak as we are divided.",J.K. Rowling
"Imagination is not only the uniquely human capacity to envision that which is not, it is the fount of all invention and innovation.",J.K. Rowling
The stories we love best do live in us forever.,J.K. Rowling
"If we wait until we're ready, we'll be waiting for the rest of our lives.",Lemony Snicket
"Strange as it may seem, I still hope for the best, even though the best, like an interesting guest, sometimes arrives late.",Lemony Snicket
"The way I see it, if you want the rainbow, you gotta put up with the rain.",Dolly Parton
Find out who you are and do it on purpose.,Dolly Parton
"Don't ask what the world needs. Ask what makes you come alive, and go do it.",Howard Thurman
When you know better you do better.,Maya Angelou
I can be changed by what happens to me. But I refuse to be reduced by it.,Maya Angelou
